family,vgood,sep_nov,cluster_id,at,country_code,mar_may,visa_req,friend,poor,solo,business,couple,jun_aug,allowed_stay,excellent,dt,dec_feb,country,average,terrible,_id
0.13,-0.03,1.11,14,"[u'Nature & Wildlife Areas', u'National Parks', u'Parks', u'Points of Interest & Landmarks', u'Historic Sites']",ZWE,-1.24,Visa on arrival,0.76,-0.68,-0.83,-1.4,1.33,0.85,3 months,1.94,"[0.13720219186556334, 0.0037901973563552647, 0.09591325374261457, 0.1549555327661565, 0.23691944949073118, 0.11901001586072389, 0.0, 0.07029532807651526, 0.14941155390152544, 0.03250247693981457]",-0.72,Zimbabwe,-0.54,-0.69,56e21c201059e9f2c78e4ead
-0.21,0.14,1.41,1,"[u'Nature & Wildlife Areas', u'National Parks', u'Bodies of Water', u'Specialty Museums', u'Parks']",ZMB,-1.37,Visa on arrival,0.57,-0.79,-0.57,-1.36,1.57,-0.28,"90 days (exact period determined on arrival, later extendable free of charge)",1.88,"[0.022326438046498927, 0.00013007398118518212, 0.1574912616836421, 0.20489937287093757, 0.20326814439333246, 0.061090905284309084, 0.010540163562944587, 0.12941384009372517, 0.1346207228691563, 0.07621907721426857]",0.23,Zambia,-0.44,-0.79,56e21c201059e9f2c78e4eae
-1.03,-0.13,0.97,7,"[u'Religious Sites', u'Points of Interest & Landmarks', u'Beaches', u'Historic Sites', u'Ancient Ruins']",YEM,-1.11,Visa required,1.75,-0.63,0.45,-0.51,-0.66,-0.88,,1.96,"[0.26259237734950414, 0.0, 0.0, 0.6127392854373513, 0.0, 0.0, 0.0, 0.12466833721314456, 0.0, 0.0]",1.03,Yemen,-0.54,-0.66,56e21c201059e9f2c78e4eaf
-0.18,0.88,0.07,16,"[u'Historic Sites', u'Bodies of Water', u'History Museums', u'Points of Interest & Landmarks', u'Religious Sites']",VNM,-0.89,Visa required,0.25,-0.93,-0.56,-1.25,1.74,-0.79,,1.48,"[0.08179450315965009, 0.03611375809722352, 0.19153913032178985, 0.2825083205009209, 0.006284230307649303, 0.14472581049009842, 0.014662385181285714, 0.029370340325101364, 0.18190308548043807, 0.031098436135842726]",1.61,Vietnam,-0.44,-0.99,56e21c201059e9f2c78e4eb0
1.08,0.29,0.32,13,"[u'Beaches', u'Points of Interest & Landmarks', u'Islands', u'Bodies of Water', u'National Parks']",VEN,-1.54,Visa required,0.07,-0.8,-1.07,-1.2,1.12,-0.01,,1.83,"[0.1320486548833384, 0.1111111111111111, 0.14697351296178893, 0.1289905833721872, 0.0, 0.0643336398506858, 0.1217786665342018, 0.08779956488103027, 0.19027297071010218, 0.01669129569555433]",1.23,Venezuela,-0.49,-0.83,56e21c201059e9f2c78e4eb1
0.19,-0.06,1.23,1,"[u'Points of Interest & Landmarks', u'Religious Sites', u'Specialty Museums', u'Monuments & Statues', u'Historic Sites']",VAT,-1.31,Visa not required,0.05,-0.67,-0.77,-1.19,1.72,0.66,,1.95,"[0.016107900252258278, 0.009409846228217994, 0.01795387322919578, 0.6536497807830218, 0.0010743621465390482, 0.023220574097823906, 0.07241081262283158, 0.12928638284350766, 0.07688646779660398, 0.0]",-0.58,Vatican City,-0.52,-0.69,56e21c201059e9f2c78e4eb2
-0.89,0.36,1.55,4,"[u'Points of Interest & Landmarks', u'Religious Sites', u'Architectural Buildings', u'Ancient Ruins', u'Historic Sites']",UZB,-0.36,Visa required,1.55,-0.82,0.2,-1.26,0.41,0.03,,1.8,"[0.07721471200074605, 0.00504637765071115, 0.032361175125419014, 0.3861353776918655, 0.0, 0.13175650284580448, 0.04135099333617425, 0.10892634985826043, 0.07954018385663562, 0.1376683276343835]",-1.22,Uzbekistan,-0.5,-0.84,56e21c201059e9f2c78e4eb3
0.37,0.86,-0.04,13,"[u'Points of Interest & Landmarks', u'Art Museums', u'Bridges', u'Beaches', u'Neighborhoods']",URY,-1.13,Visa not required,0.12,-0.91,-0.88,-1.22,1.61,-0.42,3 months,1.51,"[0.05841834857342142, 0.05415673618562039, 0.035962296575148815, 0.25882556744181073, 0.01010788967885604, 0.2510712822966978, 0.022453534157135375, 0.1129619465518272, 0.1142127193216637, 0.0818296792178185]",1.59,Uruguay,-0.51,-0.94,56e21c201059e9f2c78e4eb4
0.76,-0.02,0.53,3,"[u'Art Museums', u'Theater & Performances', u'Historic Sites', u'Specialty Museums', u'History Museums']",GBR,-1.23,Visa not required,0.16,-0.67,-0.84,-1.4,1.32,1.34,6 months,1.94,"[0.015403914095175985, 0.0, 0.1253627913095375, 0.389885028903889, 0.0793933428390911, 0.01628968036006944, 0.05107845550197852, 0.1994860594493069, 0.12119743878443823, 0.001903288756513261]",-0.64,United Kingdom,-0.56,-0.68,56e21c201059e9f2c78e4eb5
0.9,0.24,0.26,2,"[u'Points of Interest & Landmarks', u'Shopping Malls', u'Architectural Buildings', u'Water Parks', u'Religious Sites']",ARE,-0.69,Visa on arrival,-0.05,-0.78,-1.1,-1.09,1.34,-1.08,30 days,1.85,"[0.1374935368165815, 0.08298897241820384, 0.21824779227796925, 0.18232276227145253, 0.07103646751112679, 0.0969256962740302, 0.01151726286873898, 0.027057386772873816, 0.11671273749904483, 0.05569738528997825]",1.51,United Arab Emirates,-0.51,-0.81,56e21c201059e9f2c78e4eb6
0.18,0.01,0.94,14,"[u'Points of Interest & Landmarks', u'Specialty Museums', u'Religious Sites', u'Operas', u'Theaters']",UKR,-1.22,Visa not required,1.03,-0.69,-0.58,-1.62,0.99,1.03,90 days within 180 days,1.93,"[0.09443486085771896, 0.0, 0.008640888820700687, 0.342953322996967, 0.0, 0.23949400211739785, 0.1260982054918377, 0.052603406619922896, 0.11537337068516243, 0.02040194241029237]",-0.75,Ukraine,-0.54,-0.71,56e21c201059e9f2c78e4eb7
-0.72,0.49,0.4,12,"[u'National Parks', u'Nature & Wildlife Areas', u'Points of Interest & Landmarks', u'Historic Sites', u'Waterfalls']",UGA,-1.72,Visa on arrival,1.64,-0.87,-0.38,-1.14,0.6,0.78,Determined at the port of entry,1.72,"[0.14086045330214303, 0.003370350961652781, 0.10685036628604516, 0.3869959680573059, 0.06830792811534185, 0.029735673681893632, 0.0, 0.034872213804982, 0.22541450083665082, 0.0035925449539847966]",0.54,Uganda,-0.41,-0.93,56e21c201059e9f2c78e4eb8
-1.78,0.8,1.72,7,"[u'Points of Interest & Landmarks', u'Ancient Ruins', u'Churches & Cathedrals', u'Historic Sites', u'History Museums']",TKM,-0.68,Visa required,1.25,-1.03,0.28,-0.17,0.41,-0.4,,1.45,"[0.0, 0.05026950736177061, 0.0, 0.6537197345999833, 0.0, 0.0, 0.0621246622927252, 0.0, 0.012946932066683401, 0.2209391636788375]",-0.64,Turkmenistan,-0.14,-1.09,56e21c201059e9f2c78e4eb9
0.05,0.13,1.18,1,"[u'Ancient Ruins', u'Historic Sites', u'History Museums', u'Architectural Buildings', u'Religious Sites']",TUR,-0.76,eVisa,0.36,-0.73,-0.8,-1.24,1.64,0.77,3 months,1.89,"[0.05341312901002788, 0.01340485308553895, 0.16903330647510578, 0.3567533696239757, 0.0, 0.06956153282056524, 0.020899771476698786, 0.13864710407652164, 0.16516167973883758, 0.013125253692728394]",-1.2,Turkey,-0.55,-0.75,56e21c201059e9f2c78e4eba
0.69,0.96,0.57,3,"[u'Points of Interest & Landmarks', u'Ancient Ruins', u'Specialty Museums', u'Historic Sites', u'Religious Sites']",TUN,-0.48,Visa not required,-0.07,-1.0,-0.84,-1.27,1.49,1.27,4 months,1.37,"[0.0, 0.02696174005973378, 0.10825979714355108, 0.2570708428742289, 0.0, 0.11160798293937642, 0.0, 0.2617008172399414, 0.047215841583808954, 0.18718297815935947]",-1.35,Tunisia,-0.25,-1.08,56e21c201059e9f2c78e4ebb
0.64,0.77,-0.93,5,"[u'Beaches', u'Nature & Wildlife Areas', u'Bodies of Water', u'History Museums', u'Missions']",TTO,-0.56,Visa not required,0.49,-0.9,-1.15,-1.23,1.24,-0.18,90 days,1.57,"[0.09042873224317491, 0.19625052170338103, 0.17231814969765807, 0.23944753705562663, 0.07757112534005732, 0.034595096795647824, 0.005068646637638057, 0.017750645095234583, 0.1278755775255575, 0.03869396790602406]",1.67,Trinidad and Tobago,-0.49,-0.95,56e21c201059e9f2c78e4ebc
-0.43,1.23,-0.31,,"[u'Historic Sites', u'National Parks', u'Flea & Street Markets', u'Points of Interest & Landmarks', u'History Museums']",TGO,-0.45,Visa on arrival,1.62,-1.23,0.64,-0.69,-1.14,-0.93,7 days,0.62,,1.69,Togo,0.53,-1.14,56e21c201059e9f2c78e4ebd
-0.08,0.58,-0.07,16,"[u'Religious Sites', u'Points of Interest & Landmarks', u'Nature & Wildlife Areas', u'Bodies of Water', u'Historic Sites']",THA,-1.07,Visa not required,0.15,-0.86,-0.53,-1.28,1.74,-0.47,"30 days, extendable once",1.69,"[0.08863896013343074, 0.002663651077894246, 0.1923227641244912, 0.31578323770586975, 0.01850892444906568, 0.08792274040541155, 0.01109271506104997, 0.041559530580323564, 0.18854000972260201, 0.05296746673986118]",1.62,Thailand,-0.52,-0.89,56e21c201059e9f2c78e4ebe
-0.11,0.24,0.9,8,"[u'National Parks', u'Beaches', u'Nature & Wildlife Areas', u'Geologic Formations', u'Islands']",TZA,-1.66,Visa on arrival,0.69,-0.79,-0.74,-1.33,1.48,0.11,,1.84,"[0.05852701274024599, 0.09803521173389003, 0.2620887402346014, 0.16255941199424687, 0.18107301973284212, 0.03378962039910074, 0.0222712454619031, 0.050133038052840785, 0.05555705576854441, 0.07596564388178455]",0.65,Tanzania,-0.43,-0.86,56e21c201059e9f2c78e4ebf
-1.27,0.79,0.7,7,"[u'Points of Interest & Landmarks', u'Bodies of Water', u'Parks', u'Nature & Wildlife Areas', u'History Museums']",TJK,-1.36,Visa on arrival,1.58,-0.96,0.21,0.34,-0.86,1.18,45 days,1.5,"[0.16666666666666666, 0.0, 0.0, 0.23496213934891766, 0.12141461043166385, 0.001206744845547316, 0.0, 0.1575759919424317, 0.1436232502194185, 0.17455059654535432]",-0.52,Tajikistan,-0.27,-1.06,56e21c201059e9f2c78e4ec0
1.17,1.17,0.79,9,"[u'Points of Interest & Landmarks', u'National Parks', u'Religious Sites', u'Parks', u'Specialty Museums']",TWN,-1.23,Visa not required,0.69,-1.0,-0.56,-1.65,0.34,-0.72,90 days,1.18,"[0.07254444517093607, 0.010883535199570313, 0.1139111973910382, 0.181366854170983, 0.0511120526045124, 0.09371494724804719, 0.032407546490590494, 0.10495381031326484, 0.2682111196111918, 0.07089449179986564]",1.16,Taiwan,-0.28,-1.07,56e21c201059e9f2c78e4ec1
-0.4,0.01,1.23,4,"[u'Historic Sites', u'Religious Sites', u'Ancient Ruins', u'Castles', u'Neighborhoods']",SYR,-1.23,Visa required,1.87,-0.67,-0.45,-1.07,0.06,-0.69,,1.93,"[0.0, 0.012023272425684255, 0.0, 0.7918083660247391, 0.0, 0.1961683615495766, 0.0, 0.0, 0.0, 0.0]",0.69,Syria,-0.57,-0.7,56e21c201059e9f2c78e4ec2
0.4,0.17,0.61,3,"[u'Mountains', u'Scenic Railroads', u'Bodies of Water', u'Neighborhoods', u'Ski & Snowboard Areas']",CHE,-1.26,Visa not required,-0.03,-0.73,-0.81,-1.21,1.65,1.28,90 days within 180 days in the Schengen area,1.88,"[0.06209795722897715, 0.0007432578654145566, 0.258109100528705, 0.10245742227660841, 0.0, 0.1525749792496924, 0.0007845533368965514, 0.04136237307189898, 0.3732839970822434, 0.008586359359563549]",-0.63,Switzerland,-0.6,-0.73,56e21c201059e9f2c78e4ec3
0.19,0.45,0.25,3,"[u'Parks', u'Specialty Museums', u'Islands', u'Points of Interest & Landmarks', u'Historic Walking Areas']",SWE,-1.07,Visa not required,0.26,-0.81,-0.81,-1.26,1.62,1.52,90 days within 180 days in the Schengen area,1.77,"[0.25387935771927145, 0.002288548377625403, 0.1006276645831895, 0.15414566277598898, 0.062327390309151964, 0.21788680113643596, 0.001512427473253451, 0.08365282897164869, 0.07437270820038125, 0.049306610453053325]",-0.7,Sweden,-0.57,-0.84,56e21c201059e9f2c78e4ec4
0.15,1.17,0.43,8,"[u'Nature & Wildlife Areas', u'Flea & Street Markets', u'Mountains', u'Hiking Trails', u'Art Galleries']",SWZ,-1.72,Visa not required,0.46,-0.92,-0.99,-1.17,1.55,0.78,"30 days, extendable up to 60 days",1.21,"[0.0, 0.0, 0.010504113736689146, 0.0, 0.0, 0.12881476282941556, 0.0, 0.38980692105156045, 0.0, 0.4708742023823349]",0.5,Swaziland,-0.37,-1.09,56e21c201059e9f2c78e4ec5
-0.46,1.1,0.87,13,"[u'Points of Interest & Landmarks', u'Specialty Museums', u'Nature & Wildlife Areas', u'Parks', u'Historic Sites']",SUR,-0.73,Visa on arrival !Tourist Card on arrival,0.98,-1.0,-0.4,-1.41,1.29,-1.23,90 days,1.17,"[0.12917113063856955, 0.036497525566643846, 0.19534312903021733, 0.37829682683214255, 0.0, 0.05649390352539832, 0.0, 0.06135084172751572, 0.14284664267951264, 0.0]",1.09,Suriname,-0.07,-1.19,56e21c201059e9f2c78e4ec6
-1.48,0.87,-0.54,10,"[u'Ancient Ruins', u'Religious Sites', u'Historic Sites', u'History Museums', u'Shopping Malls']",SDN,-0.64,Visa required,1.65,-0.91,0.13,-0.23,-0.07,-0.56,,1.38,"[0.16444367539156682, 0.0, 0.0, 0.12388900910728023, 0.0, 0.259765600045931, 0.16666666666666666, 0.20944432422605308, 0.07579072456250217, 0.0]",1.73,Sudan,-0.12,-1.23,56e21c201059e9f2c78e4ec7
0.05,0.55,-0.25,16,"[u'Religious Sites', u'Points of Interest & Landmarks', u'Historic Sites', u'National Parks', u'Beaches']",LKA,-0.71,Electronic Travel Authorization,0.05,-0.85,-0.71,-1.16,1.77,-0.74,30 days,1.71,"[0.018631699280364566, 0.05005494829821699, 0.13057270114054767, 0.2432074993023854, 0.017575934402730562, 0.07490697669098996, 0.022184095875719838, 0.043354657368430076, 0.37806805275660965, 0.021443434884005325]",1.7,Sri Lanka,-0.51,-0.9,56e21c201059e9f2c78e4ec8
0.28,0.07,1.19,1,"[u'Architectural Buildings', u'Religious Sites', u'Historic Sites', u'Points of Interest & Landmarks', u'Specialty Museums']",ESP,-1.3,Visa not required,0.11,-0.7,-0.85,-1.2,1.66,0.72,90 days within 180 days in the Schengen area,1.92,"[0.08456917918934424, 0.030197904357141186, 0.0879666071465068, 0.40945338863820885, 0.030218726176193263, 0.12215812583705009, 0.009713307076272049, 0.14916043751756577, 0.05278665105066328, 0.023775673011054474]",-0.62,Spain,-0.57,-0.71,56e21c201059e9f2c78e4ec9
0.37,1.01,1.61,4,"[u'Parks', u'Points of Interest & Landmarks', u'History Museums', u'National Parks', u'Religious Sites']",KOR,-1.11,Visa not required,1.38,-0.96,-0.5,-1.61,0.36,-0.42,,1.37,"[0.11764922191839776, 0.03634209187514468, 0.09544808935645191, 0.12569033487129555, 0.00020998592877254782, 0.17374539976886927, 0.030288277743752715, 0.05325707359805199, 0.27793214511042647, 0.08943737982883705]",-0.07,South Korea,-0.42,-1.0,56e21c201059e9f2c78e4eca
0.06,0.16,0.26,2,"[u'Nature & Wildlife Areas', u'Mountains', u'National Parks', u'Beaches', u'Scenic Drives']",ZAF,-0.54,Visa not required,0.29,-0.73,-0.91,-1.13,1.68,-1.2,90 days,1.89,"[0.06393767058526839, 0.08630386168162077, 0.09927904192119609, 0.07637448252456906, 0.1391042490624314, 0.041428170536820325, 0.0363705050064955, 0.04559923422672448, 0.4103263412882296, 0.0012764431666442678]",1.48,South Africa,-0.58,-0.74,56e21c201059e9f2c78e4ecb
-0.27,-0.04,-0.5,,"[u'Religious Sites', u'Other Outdoor Activities', u'Shopping Malls', u'Flea & Street Markets', u'Churches & Cathedrals']",SOM,-0.72,Visa on arrival,1.07,-0.58,-0.27,-1.6,1.07,-0.5,30 days,1.94,,1.72,Somalia,-0.58,-0.75,56e21c201059e9f2c78e4ecc
-0.2,1.01,0.84,1,"[u'Points of Interest & Landmarks', u'Castles', u'Historic Sites', u'Religious Sites', u'Parks']",SVK,-1.56,Visa not required,0.49,-0.97,-0.69,-1.24,1.64,0.91,90 days within 180 days in the Schengen area,1.35,"[0.09861300335096619, 8.423599362936676e-05, 0.021377623279088626, 0.3285051821146715, 0.0, 0.19348381408021234, 0.028749862424708388, 0.06795564497112734, 0.21295477891663833, 0.04827585486895792]",-0.19,Slovakia,-0.35,-1.04,56e21c201059e9f2c78e4ecd
0.62,0.52,0.64,13,"[u'Parks', u'Gardens', u'Observation Decks & Towers', u'History Museums', u'Points of Interest & Landmarks']",SGP,-1.5,Visa not required,-0.19,-0.84,-0.78,-1.23,1.57,-0.27,90 days,1.72,"[0.16686941226284588, 0.004176438445313935, 0.1553148726676537, 0.09946000333704336, 0.05710800619531904, 0.13734857429999273, 0.062459908266007724, 0.07619571589215057, 0.20051401285383325, 0.040553055779839815]",1.13,Singapore,-0.52,-0.88,56e21c201059e9f2c78e4ece
-0.75,0.56,0.43,10,"[u'Beaches', u'Religious Sites', u'Points of Interest & Landmarks', u'Specialty Museums', u'Nature & Wildlife Areas']",SLE,1.04,Visa required,1.28,-0.88,-0.37,1.07,-1.23,-1.64,,1.64,"[0.0, 0.32992406755883996, 0.0, 0.0, 0.0, 0.4220796117433373, 0.0, 0.0, 0.07792038825666271, 0.17007593244116004]",0.17,Sierra Leone,-0.23,-1.08,56e21c201059e9f2c78e4ecf
-0.46,0.5,1.16,15,"[u'Points of Interest & Landmarks', u'Historic Sites', u'Religious Sites', u'Parks', u'Specialty Museums']",SRB,-1.51,Visa not required,1.25,-0.86,-0.46,-1.38,1.05,0.57,90 days within 180 days,1.73,"[0.1195579457891387, 0.04210668359402997, 0.04998975605064362, 0.3933249022839065, 0.03138210062132132, 0.19080362473507237, 0.024355125470504526, 0.05431010929712091, 0.054162330637915035, 0.040007421520346975]",-0.22,Serbia,-0.47,-0.9,56e21c201059e9f2c78e4ed0
0.1,1.08,-0.6,16,"[u'Points of Interest & Landmarks', u'National Parks', u'Nature & Wildlife Areas', u'Religious Sites', u'Specialty Museums']",SEN,-0.35,Visa not required,1.3,-1.0,-1.15,-1.11,0.87,-0.77,90 days,1.26,"[0.0196687391331572, 0.11622631475951357, 0.08248638904379064, 0.0627892582376459, 0.13743099884130908, 0.0, 0.06131501362053546, 0.30993197153547497, 0.18674995303071482, 0.023401361797858386]",1.71,Senegal,-0.26,-1.08,56e21c201059e9f2c78e4ed1
1.95,0.39,-0.62,9,"[u'Points of Interest & Landmarks', u'Religious Sites', u'Shopping Malls', u'Historic Sites', u'Ancient Ruins']",SAU,-0.92,Visa required,-0.1,-0.86,-0.77,-0.47,-0.61,-0.11,,1.77,"[0.04925577828668906, 0.01963797212736582, 0.11154195944481854, 0.22503233144941717, 0.009783546994089514, 0.20406809543159146, 0.013125622916872354, 0.01727346448727918, 0.1622599936462594, 0.18802123521561745]",1.66,Saudi Arabia,-0.41,-0.9,56e21c201059e9f2c78e4ed2
-0.07,0.51,-0.88,0,"[u'Bodies of Water', u'Beaches', u'Neighborhoods', u'National Parks', u'Amusement & Theme Parks']",LCA,-0.08,Visa not required,-0.2,-0.86,-0.76,-0.87,1.9,-0.69,6 weeks,1.72,"[0.07765952659178799, 0.09684099136446901, 0.2735101428422799, 0.1781440922161553, 0.0, 0.06602813523691949, 0.020708812573411534, 0.011909824080572026, 0.2342762580243628, 0.04092221707004194]",1.66,Saint Lucia,-0.44,-0.93,56e21c201059e9f2c78e4ed3
0.02,0.16,-0.91,0,"[u'Gardens', u'Historic Sites', u'Beaches', u'Mountains', u'Volcanos']",KNA,0.13,Visa not required,-0.05,-0.75,-0.82,-0.98,1.83,-0.81,3 months,1.88,"[0.08557120721699259, 0.11418188198824662, 0.23700369546272154, 0.1844978879520239, 0.0, 0.035349841647532056, 0.021232001873695908, 0.008603031961289516, 0.25990099640318676, 0.05365945549431105]",1.58,Saint Kitts-Nevis,-0.52,-0.76,56e21c201059e9f2c78e4ed4
-1.26,0.02,0.39,12,"[u'Specialty Museums', u'Art Galleries', u'Points of Interest & Landmarks', u'National Parks', u'Historic Sites']",RWA,-1.67,Visa on arrival,1.48,-0.69,-0.23,-0.76,0.76,0.29,30 days,1.93,"[0.03991691420271346, 0.0, 0.024708318333644147, 0.4019168691210213, 0.046304242276038354, 0.041586154235919756, 0.20002874900784606, 0.2134786631611134, 0.01974292545633778, 0.012317164205365678]",0.99,Rwanda,-0.55,-0.71,56e21c201059e9f2c78e4ed5
-0.11,-0.13,0.46,14,"[u'Specialty Museums', u'Points of Interest & Landmarks', u'Churches & Cathedrals', u'Art Museums', u'History Museums']",RUS,-1.21,Visa required,0.79,-0.64,-0.77,-1.33,1.42,1.38,,1.96,"[0.12873251758234186, 0.0015961177024360208, 0.06820883969842087, 0.3032081309039107, 0.05375714609264513, 0.10745789930056523, 0.03114348382256588, 0.19290170935999723, 0.06782863423020143, 0.04516552130691562]",-0.64,Russia,-0.55,-0.65,56e21c201059e9f2c78e4ed6
-0.18,0.59,0.76,14,"[u'Points of Interest & Landmarks', u'Religious Sites', u'Castles', u'Neighborhoods', u'Specialty Museums']",ROM,-1.06,Visa not required,1.09,-0.87,-0.79,-1.32,1.19,1.21,90 days within 180 days,1.68,"[0.16252597370057376, 0.007943048632083572, 0.038639488687059055, 0.25396495019630183, 0.02129203095595041, 0.22536009864428763, 0.005027351760253168, 0.0800277969676396, 0.1514693524880104, 0.05374990796784059]",-0.91,Romania,-0.46,-0.93,56e21c201059e9f2c78e4ed7
0.98,0.8,0.22,9,"[u'Religious Sites', u'Shopping Malls', u'Specialty Museums', u'Parks', u'Beaches']",QAT,-0.64,Visa on arrival,1.02,-0.93,-1.35,-1.02,0.37,-1.1,1 month,1.53,"[0.11168544579653711, 0.04211190708961509, 0.06271145458554059, 0.25174277019239094, 0.010972461597988556, 0.1811207013651492, 0.0, 0.13868092331594345, 0.04405965338636009, 0.15691468267047498]",1.53,Qatar,-0.39,-1.0,56e21c201059e9f2c78e4ed8
0.3,0.38,0.95,1,"[u'Bodies of Water', u'Points of Interest & Landmarks', u'Neighborhoods', u'Geologic Formations', u'Historic Sites']",PRT,-1.32,Visa not required,0.05,-0.79,-0.85,-1.17,1.67,0.98,90 days within 180 days in the Schengen area,1.8,"[0.04963200878354125, 0.014765097746430108, 0.09506184832969257, 0.14595510947766793, 0.02282369637109653, 0.26996023164130667, 0.0, 0.08540109911726494, 0.3127642103125538, 0.0036366982204461954]",-0.62,Portugal,-0.58,-0.81,56e21c201059e9f2c78e4ed9
-0.21,0.21,1.06,1,"[u'Specialty Museums', u'Religious Sites', u'Points of Interest & Landmarks', u'Historic Walking Areas', u'Historic Sites']",POL,-1.43,Visa not required,0.61,-0.75,-0.77,-1.22,1.58,0.8,90 days within 180 days in the Schengen area,1.87,"[0.05005580750313108, 0.0015008932301342024, 0.013711740824884761, 0.3280737873643606, 0.006174051050052642, 0.1938331433957018, 0.07769214276296597, 0.16714517343122823, 0.09049389459160102, 0.07131936584593976]",-0.43,Poland,-0.54,-0.79,56e21c201059e9f2c78e4eda
0.16,0.42,-0.56,16,"[u'Bodies of Water', u'Beaches', u'Points of Interest & Landmarks', u'Historic Walking Areas', u'Geologic Formations']",PHL,-0.46,Visa not required,0.84,-0.82,-0.82,-1.43,1.25,-0.71,30 days,1.77,"[0.04192077446311813, 0.11300367935386114, 0.2786867668176902, 0.14839821982038856, 0.001926462472825689, 0.10955737809568372, 0.03949819020825069, 0.05507286869555214, 0.19201846876402404, 0.01991719130860568]",1.73,Philippines,-0.5,-0.87,56e21c201059e9f2c78e4edb
-0.07,0.25,1.18,1,"[u'Historic Sites', u'Ancient Ruins', u'Points of Interest & Landmarks', u'Hiking Trails', u'Mountains']",PER,-1.45,Visa not required,0.74,-0.75,-0.71,-1.39,1.42,0.62,up to 183 days; determined on arrival,1.86,"[0.08207531696707945, 0.0030209061316030157, 0.11444227708843174, 0.3185143228718776, 0.0025302074781531105, 0.1471813968809672, 0.016239098202343875, 0.06145578801281453, 0.2329628139917727, 0.021577872374956716]",-0.34,Peru,-0.59,-0.76,56e21c201059e9f2c78e4edc
0.57,1.12,0.09,13,"[u'Points of Interest & Landmarks', u'Specialty Museums', u'Historic Sites', u'Art Museums', u'Government Buildings']",PRY,-1.37,Visa on arrival,0.84,-1.03,-0.83,-1.54,0.95,-0.17,90 days,1.19,"[0.0882536175597111, 0.010141892760794236, 0.019799906891060124, 0.3329640860228222, 0.0, 0.15234829445063863, 0.05454446322131581, 0.23612794003168602, 0.10581979906197186, 0.0]",1.45,Paraguay,-0.17,-1.12,56e21c201059e9f2c78e4edd
-0.5,0.36,1.47,7,"[u'Bodies of Water', u'Military Museums', u'Gardens', u'Cemeteries', u'Nature & Wildlife Areas']",PNG,-1.27,Visa on arrival,1.89,-0.81,0.09,-0.91,-0.57,0.22,"60 days, extendable for 30 days",1.8,"[0.251077693889298, 0.0038540694877158667, 0.01872843907363551, 0.26822145725252233, 0.0, 0.16643235288789654, 0.14285714285714285, 0.0, 0.14882884455178888, 0.0]",-0.42,Papua New Guinea,-0.46,-0.88,56e21c201059e9f2c78e4ede
1.82,0.13,-0.17,3,"[u'Amusement & Theme Parks', u'Parks', u'Piers & Boardwalks', u'Wineries & Vineyards', u'Beaches']",PAN,-0.47,Visa not required,-0.36,-0.76,-0.81,-0.91,0.26,1.65,180 days,1.89,"[0.08844223021402403, 0.13560859126762315, 0.4057611195497682, 0.05453997383590065, 0.09677140688328296, 0.056847934613152906, 0.01479156363798609, 0.02717412914854764, 0.09850191330204802, 0.021561137547666406]",-1.01,Panama,-0.49,-0.77,56e21c201059e9f2c78e4edf
1.76,0.61,0.05,9,"[u'Points of Interest & Landmarks', u'Specialty Museums', u'Bodies of Water', u'Parks', u'Religious Sites']",PAK,-1.47,Visa required,0.48,-0.87,-0.7,-0.66,-0.88,0.07,,1.67,"[0.1651104417968008, 0.05893699017589407, 0.04079557546010337, 0.36904374374125987, 0.005417087151009909, 0.10809168548615523, 0.01636506692674675, 0.04882469601950319, 0.10735377339756463, 0.08006093984496222]",1.35,Pakistan,-0.51,-0.9,56e21c201059e9f2c78e4ee0
0.34,0.55,-0.17,2,"[u'Geologic Formations', u'Beaches', u'Historic Sites', u'Ancient Ruins', u'Mountains']",OMN,-0.29,Visa on arrival,0.32,-0.85,-0.98,-1.21,1.53,-1.14,"30 days, extendable for 30 days",1.71,"[0.06246441601329031, 0.14324699497310703, 0.11609146687922668, 0.27316567636677275, 0.008295721836016281, 0.08983954144436773, 0.0037703823406271355, 0.06285499637483068, 0.12233812100837888, 0.11793268276338253]",1.61,Oman,-0.54,-0.88,56e21c201059e9f2c78e4ee1
0.01,0.41,0.21,3,"[u'Mountains', u'History Museums', u'Points of Interest & Landmarks', u'Bodies of Water', u'Specialty Museums']",NOR,-0.89,Visa not required,0.22,-0.8,-0.73,-1.21,1.72,1.55,90 days within 180 days in the Schengen area,1.79,"[0.07258992253155658, 0.0026454334091316895, 0.19215970988992093, 0.14546527000092274, 0.03400833066911934, 0.1451519265775111, 0.0021142619055177334, 0.07776542446137041, 0.3103372464411128, 0.017762474113836628]",-0.87,Norway,-0.57,-0.83,56e21c201059e9f2c78e4ee2
-1.1,0.87,1.54,7,"[u'Monuments & Statues', u'Points of Interest & Landmarks', u'Historic Sites', u'Religious Sites', u'Arenas & Stadiums']",PRK,-1.27,Visa required,1.14,-1.03,1.25,-0.85,-0.45,-0.1,,1.41,"[0.08333333333333333, 0.0, 0.0, 0.48341617161952083, 0.0, 0.08786472421977841, 0.06622972926244712, 0.08818773432754169, 0.1771413409609995, 0.013826966276379138]",-0.17,North Korea,-0.16,-1.09,56e21c201059e9f2c78e4ee3
0.01,1.41,0.32,10,"[u'Points of Interest & Landmarks', u'Religious Sites', u'Churches & Cathedrals', u'Beaches', u'Historic Sites']",NGA,-1.54,Visa required,1.8,-1.03,-0.01,-1.16,-0.64,-0.01,,0.9,"[0.04746138392272915, 0.0, 0.1392374296981156, 0.03892867894473008, 0.0, 0.21018540052933582, 0.06859451018781523, 0.2, 0.05472800155329453, 0.24086459516397962]",1.23,Nigeria,-0.24,-1.03,56e21c201059e9f2c78e4ee4
0.03,1.44,0.28,10,"[u'Points of Interest & Landmarks', u'Religious Sites', u'Churches & Cathedrals', u'Beaches', u'Historic Sites']",NER,-1.55,Visa required,1.84,-1.02,-0.15,-1.12,-0.59,0.04,,0.83,"[0.043146712657026506, 0.08482687228935867, 0.12657948154374143, 0.04147192675130503, 0.0, 0.19107763684485074, 0.062358645625286584, 0.18181818181818182, 0.0497527286848132, 0.21896781378543603]",1.23,Niger,-0.16,-1.09,56e21c201059e9f2c78e4ee5
-0.16,0.56,-0.68,16,"[u'Volcanos', u'Points of Interest & Landmarks', u'Specialty Museums', u'Churches & Cathedrals', u'Bodies of Water']",NIC,-0.56,Visa not required,0.89,-0.86,-0.54,-1.48,1.3,-0.48,90 days,1.7,"[0.0383658573738551, 0.06057219421344129, 0.10441024576653636, 0.3004923552074315, 0.0, 0.09455118494460873, 0.013643891253490553, 0.0877890661470575, 0.2921555517578859, 0.008019653335693069]",1.73,Nicaragua,-0.48,-0.91,56e21c201059e9f2c78e4ee6
0.24,0.04,-0.4,2,"[u'Bodies of Water', u'Hiking Trails', u'Gardens', u'Historic Sites', u'Specialty Museums']",NZL,-0.14,Visa not required,-0.06,-0.69,-0.74,-1.18,1.73,-1.09,90 days,1.92,"[0.1594867957957294, 0.04262698136512006, 0.17305301338569454, 0.1442679372982293, 0.05114275381864214, 0.03366663106308252, 0.01195921550286651, 0.15018381645112916, 0.22441109430308825, 0.009201761016418128]",1.63,New Zealand,-0.58,-0.69,56e21c201059e9f2c78e4ee7
-0.09,0.39,0.76,3,"[u'Specialty Museums', u'Points of Interest & Landmarks', u'Art Museums', u'Bodies of Water', u'History Museums']",NLD,-1.02,Visa not required,0.31,-0.8,-0.74,-1.19,1.71,1.22,90 days within 180 days in the Schengen area,1.79,"[0.08814263325584121, 0.010848244193487249, 0.07325339390917683, 0.16494754611666707, 0.08219971205990644, 0.18037039031931693, 0.037361310108319466, 0.21578371495585294, 0.08186714559744966, 0.06522590948398219]",-0.96,Netherlands,-0.55,-0.83,56e21c201059e9f2c78e4ee8
-0.56,0.54,0.85,4,"[u'Religious Sites', u'Points of Interest & Landmarks', u'Mountains', u'Bodies of Water', u'Hiking Trails']",NPL,-0.04,Visa on arrival,1.28,-0.86,0.24,-1.6,0.64,-1.62,90 days,1.71,"[0.047359154378596224, 0.0010197801489447243, 0.10683248151096678, 0.32924906236094065, 0.021635591039670322, 0.1713264610474246, 0.021033508243643452, 0.05598267050849095, 0.21895274006424456, 0.026608550697077772]",0.81,Nepal,-0.47,-0.91,56e21c201059e9f2c78e4ee9
0.01,0.8,1.27,1,"[u'Nature & Wildlife Areas', u'Historic Sites', u'Parks', u'Piers & Boardwalks', u'Points of Interest & Landmarks']",NAM,-1.47,Visa not required,0.42,-0.92,-0.9,-1.17,1.63,0.41,3 months,1.53,"[0.06712472126255642, 0.041447689103041946, 0.14978681296209168, 0.196270877992832, 0.0663280294518082, 0.05681861872884017, 0.023246927028960265, 0.04546763778808132, 0.3193646604355929, 0.0341440252461951]",-0.21,Namibia,-0.41,-1.0,56e21c201059e9f2c78e4eea
-0.69,0.29,-0.28,16,"[u'Religious Sites', u'Monuments & Statues', u'Points of Interest & Landmarks', u'Architectural Buildings', u'Ancient Ruins']",MMR,-0.52,eVisa,0.72,-0.79,-0.31,-1.25,1.53,-0.89,28 days.,1.83,"[0.0632384586000418, 0.00840800929520158, 0.12059184165032905, 0.43427530167059575, 0.0009051107826786644, 0.031073593800549776, 0.05711401853966024, 0.007130890337261615, 0.1999013048630609, 0.07736147046062049]",1.69,Myanmar,-0.52,-0.82,56e21c201059e9f2c78e4eeb
-0.42,1.18,0.11,12,"[u'Beaches', u'Islands', u'Specialty Museums', u'Architectural Buildings', u'National Parks']",MOZ,-1.67,Visa required,1.55,-1.0,-1.02,-0.89,0.77,0.74,,1.01,"[0.022399217052983342, 0.09386356391407927, 0.13315377759224414, 0.4529026620450078, 0.006663489274078664, 0.02679482701034843, 0.0008549377768208901, 0.10025499852763332, 0.026714257968622836, 0.13639826883818132]",0.82,Mozambique,0.06,-1.25,56e21c201059e9f2c78e4eec
-0.07,0.58,0.92,2,"[u'Historic Sites', u'Points of Interest & Landmarks', u'Neighborhoods', u'Ancient Ruins', u'Canyons']",MAR,-0.74,Visa not required,0.35,-0.87,-0.83,-1.14,1.7,-1.23,3 months,1.68,"[0.019586155756167973, 0.04567166994043754, 0.12311082464786652, 0.2619275299951925, 0.006060926641297098, 0.20637056532840523, 0.02354234838572221, 0.06149740231235301, 0.12394517125591469, 0.12828740573664324]",1.05,Morocco,-0.48,-0.92,56e21c201059e9f2c78e4eed
-1.1,0.92,0.78,15,"[u'National Parks', u'Religious Sites', u'Parks', u'Specialty Museums', u'History Museums']",MNG,-1.03,Visa not required,1.62,-0.95,0.22,-1.02,0.28,1.2,90 days,1.44,"[0.060499255955367995, 0.0, 0.04888364774935227, 0.3765289687167953, 0.026774607004999344, 0.05637691477835093, 0.010490817550918722, 0.2278788309255323, 0.18723817070975962, 0.005328786608923469]",-0.94,Mongolia,-0.38,-1.02,56e21c201059e9f2c78e4eee
0.28,0.8,0.57,3,"[u'Gardens', u'Specialty Museums', u'Points of Interest & Landmarks', u'Historic Sites', u'Casinos']",MCO,-1.08,Visa not required,0.06,-0.91,-0.86,-1.16,1.68,1.35,90 days within 180 days,1.54,"[0.10233545435591779, 0.04285841069645385, 0.08438188392902932, 0.31835927365961586, 0.042452200093675764, 0.1615409003229337, 0.03410559912468377, 0.1116985395890543, 0.0832000858085464, 0.0190676524200892]",-0.84,Monaco,-0.43,-1.0,56e21c201059e9f2c78e4eef
-0.4,0.66,1.23,15,"[u'Points of Interest & Landmarks', u'Specialty Museums', u'Parks', u'Religious Sites', u'Monuments & Statues']",MDA,-1.17,Visa not required,1.45,-0.92,0.27,-1.61,0.29,0.72,90 days within 180 days,1.62,"[0.24485801166743448, 0.007133419400322422, 3.0951580339737165e-05, 0.22381008840909286, 0.0376334943164737, 0.09311328949950277, 0.14289229722720667, 0.09893416400137726, 0.0637992433812551, 0.08779504051699495]",-0.78,Moldova,-0.36,-0.99,56e21c201059e9f2c78e4ef0
-1.02,0.05,-0.37,,"[u'Nature & Wildlife Areas', u'Ancient Ruins', u'Religious Sites', u'Geologic Formations', u'Reefs']",FSM,-1.15,Visa not required,0.9,-0.69,1.22,-1.27,0.17,-0.07,unlimited,1.92,,1.59,Micronesia,-0.49,-0.78,56e21c201059e9f2c78e4ef1
0.6,0.08,-0.43,11,"[u'Ancient Ruins', u'Points of Interest & Landmarks', u'Historic Sites', u'Reefs', u'Religious Sites']",MEX,-1.06,Visa not required,-0.01,-0.71,-0.94,-1.18,1.53,-0.13,180 days,1.91,"[0.016712883499579348, 0.06183899890615967, 0.2987038320713977, 0.249550944015025, 0.015349952472600499, 0.05820246533714331, 0.01896953065037541, 0.1088046411900722, 0.1351826656093318, 0.0366840862483151]",1.63,Mexico,-0.55,-0.73,56e21c201059e9f2c78e4ef2
-1.05,1.51,-0.16,,"[u'Religious Sites', u'Flea & Street Markets', u'Ancient Ruins', u'Shopping Malls', u'Deserts']",MRT,-0.88,Visa on arrival,1.17,-1.04,-0.41,1.22,-0.93,-0.64,,0.69,,1.67,Mauritania,-0.09,-1.07,56e21c201059e9f2c78e4ef3
-0.08,0.37,1.13,1,"[u'Historic Sites', u'Military Museums', u'Ancient Ruins', u'Religious Sites', u'Theaters']",MLT,-1.1,Visa not required,-0.11,-0.79,-0.65,-1.04,1.87,0.86,90 days within 180 days,1.81,"[0.053737448662214964, 0.018870318397695388, 0.10406815469540852, 0.3025437270520242, 0.0, 0.1337776773116888, 0.13461762599262928, 0.0640356987814704, 0.17683506423433357, 0.011514284872534914]",-0.89,Malta,-0.58,-0.81,56e21c201059e9f2c78e4ef4
0.69,0.33,0.19,3,"[u'Beaches', u'Hiking Trails', u'State Parks', u'Wineries & Vineyards', u'Biking Trails']",MLI,-0.96,Visa required,0.41,-0.79,-0.95,-1.39,1.23,1.56,,1.82,"[0.02920477132106207, 0.2686997761980841, 0.08648607696162813, 0.1262953977042891, 0.0, 0.06729508823437713, 0.008957992698874434, 0.02288519725047924, 0.3157664592009097, 0.07440924043029618]",-0.79,Mali,-0.54,-0.82,56e21c201059e9f2c78e4ef5
-0.22,0.61,-1.0,0,"[u'Beaches', u'Islands', u'Flea & Street Markets', u'Points of Interest & Landmarks', u'Reefs']",MDV,1.12,Visa on arrival,0.0,-0.98,-0.58,-1.07,1.86,-1.0,"30 days, extendable up to 90 days",1.51,"[0.006214199785794093, 0.12859541154138654, 0.13980425842239083, 0.43955582171983903, 0.0, 0.030193793894231866, 0.04680426389767966, 0.025251395542011296, 0.015543938032020069, 0.16803691716464664]",0.87,Maldives,0.04,-1.17,56e21c201059e9f2c78e4ef6
0.51,0.94,0.22,13,"[u'Parks', u'History Museums', u'Religious Sites', u'Specialty Museums', u'Nature & Wildlife Areas']",MYS,-1.5,Visa not required,0.01,-0.95,-0.74,-1.33,1.55,-0.01,3 months,1.43,"[0.07195737633824185, 0.0498057817523135, 0.11790486608424018, 0.2617563860454768, 0.09232341559080713, 0.0552950885662341, 0.04503735485241804, 0.11042911232563088, 0.1615141566255356, 0.03397646181910194]",1.3,Malaysia,-0.41,-1.01,56e21c201059e9f2c78e4ef7
-0.25,0.84,1.04,15,"[u'Nature & Wildlife Areas', u'Points of Interest & Landmarks', u'Churches & Cathedrals', u'Mountains', u'Government Buildings']",MWI,-1.41,Visa on arrival,1.79,-1.01,-0.44,-1.24,0.14,0.84,,1.48,"[0.0, 0.0, 0.0, 0.0, 0.33018450628742313, 0.008125098453359295, 0.0, 0.6616903952592176, 0.0, 0.0]",-0.48,Malawi,-0.33,-0.99,56e21c201059e9f2c78e4ef8
-0.14,0.63,1.45,1,"[u'Nature & Wildlife Areas', u'National Parks', u'Zoos', u'Mountains', u'Parks']",MDG,-1.37,Visa on arrival,0.21,-0.89,-0.73,-1.12,1.78,-0.1,30 days,1.64,"[0.10184406467050289, 0.0, 0.029861638408127514, 0.37580963498696557, 0.3837361129180881, 0.010354179154425117, 0.0, 0.0735653971458159, 0.014002005676232984, 0.010826967039841881]",0.01,Madagascar,-0.43,-0.95,56e21c201059e9f2c78e4ef9
0.53,0.34,0.85,3,"[u'Beaches', u'Points of Interest & Landmarks', u'Historic Sites', u'Religious Sites', u'History Museums']",MKD,-1.33,Visa not required,0.38,-0.8,-0.89,-1.39,1.36,1.07,90 days within 180 days,1.81,"[0.05356079887803772, 0.0073714714530014845, 0.0097492993190966, 0.4967062416811543, 0.0, 0.1689954709999441, 0.02624865425989312, 0.13727774860596514, 0.08014289508571967, 0.019947419717187918]",-0.6,Macedonia,-0.51,-0.84,56e21c201059e9f2c78e4efa
-0.03,1.02,1.04,1,"[u'Points of Interest & Landmarks', u'Religious Sites', u'Historic Sites', u'Parks', u'Monuments & Statues']",LUX,-1.26,Visa not required,0.03,-0.99,-0.51,-1.27,1.77,0.92,90 days within 180 days in the Schengen area,1.34,"[0.05554216203658018, 0.0004070418457253159, 0.00020585960083311698, 0.390083554655605, 0.003938995646120789, 0.16972579867395268, 0.07354744740171593, 0.16072301085944096, 0.09596799851656938, 0.04985813076345663]",-0.7,Luxembourg,-0.34,-1.03,56e21c201059e9f2c78e4efb
-0.27,0.46,0.41,14,"[u'Points of Interest & Landmarks', u'Religious Sites', u'Neighborhoods', u'Churches & Cathedrals', u'Specialty Museums']",LTU,-1.28,Visa not required,0.71,-0.83,-0.48,-1.43,1.47,1.39,90 days within 180 days in the Schengen area,1.76,"[0.08217922992718352, 0.027777390172886753, 0.021545781544611675, 0.41802199636559995, 0.0019479431266457223, 0.16692771933987435, 0.06358947656423096, 0.06213681252036119, 0.15587365043860582, 0.0]",-0.52,Lithuania,-0.51,-0.87,56e21c201059e9f2c78e4efc
-0.15,1.2,0.44,3,"[u'Points of Interest & Landmarks', u'Specialty Museums', u'Game & Entertainment Centers', u'Castles', u'Bridges']",LIE,-1.08,Visa not required,0.05,-1.07,-0.25,-1.38,1.73,1.42,90 days within 180 days in the Schengen area,0.64,"[0.0, 0.0, 0.0, 0.4099336736448625, 0.0, 0.048740359405808974, 0.08496487592913095, 0.37465930028266176, 0.08170179073753571, 0.0]",-0.79,Liechtenstein,0.54,-1.31,56e21c201059e9f2c78e4efd
-0.6,0.32,0.23,,"[u'Historic Sites', u'Religious Sites', u'Ancient Ruins', u'Points of Interest & Landmarks', u'Deserts']",LBY,1.54,Visa required,0.83,-0.83,-0.89,1.54,-0.89,-0.82,,1.82,,-0.95,Libya,-0.5,-0.81,56e21c201059e9f2c78e4efe
1.24,0.33,-1.15,5,"[u'Art Galleries', u'History Museums', u'Historic Sites', u'Shopping Malls', u'Specialty Museums']",LBR,0.11,Visa required,-0.21,-0.93,-0.96,-1.16,1.09,-0.52,,1.79,"[0.04291109123050959, 0.0, 0.0, 0.36773382611646777, 0.45708890876949043, 0.0, 0.0, 0.1322661738835322, 0.0, 0.0]",1.55,Liberia,-0.33,-0.85,56e21c201059e9f2c78e4eff
0.64,1.07,0.11,,"[u'Specialty & Gift Shops', u'Scenic Drives', u'Historic Sites', u'Dams', u'Castles']",LSO,-1.37,Visa not required,0.85,-0.96,-1.34,-1.09,0.94,1.44,"14 days, extendable up to 180 days",1.3,,-0.18,Lesotho,-0.33,-1.07,56e21c201059e9f2c78e4f00
0.14,0.48,1.11,15,"[u'Points of Interest & Landmarks', u'Ancient Ruins', u'Neighborhoods', u'Religious Sites', u'Geologic Formations']",LBN,-1.48,Visa on arrival,1.67,-0.84,-0.73,-1.28,0.2,0.7,1 month extendable for 2 additional months,1.74,"[0.06144408159746897, 0.008497681120756655, 0.036820485180044486, 0.2869236416488821, 0.00022245316203908962, 0.351893634822297, 0.028115951466727355, 0.10168869772548528, 0.0464679761996175, 0.0779253970766815]",-0.32,Lebanon,-0.48,-0.9,56e21c201059e9f2c78e4f01
-0.3,0.49,0.56,14,"[u'Points of Interest & Landmarks', u'Specialty Museums', u'Architectural Buildings', u'Parks', u'Historic Sites']",LVA,-1.42,Visa not required,0.54,-0.84,-0.44,-1.39,1.58,1.23,90 days within 180 days in the Schengen area,1.74,"[0.09561886048618773, 0.0, 0.0403099452937827, 0.3009292832027596, 0.03746442217059455, 0.22099142154754156, 0.0, 0.09732350498704587, 0.14510188294536816, 0.062260679366719966]",-0.37,Latvia,-0.5,-0.89,56e21c201059e9f2c78e4f02
-0.62,0.72,-0.12,16,"[u'Nature & Wildlife Areas', u'Points of Interest & Landmarks', u'Religious Sites', u'Caverns & Caves', u'Waterfalls']",LAO,-0.84,Visa on arrival,0.44,-0.92,-0.11,-1.33,1.62,-0.7,"30 days, conditions apply, extendable up to 60 day",1.58,"[0.058539580030272355, 0.0, 0.13600790284824968, 0.2611522804985117, 0.01942090521384908, 0.0864768881090689, 0.0639495995617144, 0.05722071609076924, 0.22068251550764473, 0.09654961213992]",1.67,Laos,-0.4,-0.99,56e21c201059e9f2c78e4f03
-0.12,0.44,0.95,15,"[u'Points of Interest & Landmarks', u'Specialty Museums', u'Bodies of Water', u'Mountains', u'Canyons']",KGZ,-1.27,Visa not required,1.8,-0.88,-0.32,-1.28,-0.09,1.01,60 days,1.72,"[0.2728944171104787, 0.010841335511318242, 0.0, 0.26178407830290035, 0.001556157758954232, 0.019639855974466148, 0.005277394955584451, 0.2732425508744295, 0.0626580437854583, 0.09210616572641007]",-0.69,Kyrgyzstan,-0.3,-0.98,56e21c201059e9f2c78e4f04
1.51,0.87,0.79,9,"[u'Shopping Malls', u'Specialty Museums', u'Points of Interest & Landmarks', u'Art Museums', u'Flea & Street Markets']",KWT,-1.27,Visa on arrival,0.84,-0.96,-0.62,-0.58,-1.14,-0.66,3 months,1.44,"[0.027551302187245275, 0.020008781329908836, 0.10395331650704441, 0.21183808212606617, 0.048540039132904195, 0.18000879328332675, 0.0010379775605376567, 0.15906125902563545, 0.04989206744858765, 0.19810838139874365]",1.15,Kuwait,-0.28,-1.08,56e21c201059e9f2c78e4f05
0.41,0.33,1.15,8,"[u'Nature & Wildlife Areas', u'Bodies of Water', u'National Parks', u'Historic Sites', u'Specialty Museums']",KEN,-1.6,eVisa,0.68,-0.79,-1.01,-1.33,1.25,0.24,3 months,1.81,"[0.09787750044113284, 0.029780410844465324, 0.16110225237514306, 0.1934105820162012, 0.1770266321733343, 0.029562585850013652, 0.0348057462356466, 0.035421918241878375, 0.20486408395228506, 0.0361482878698996]",0.21,Kenya,-0.51,-0.84,56e21c201059e9f2c78e4f06
-0.01,0.52,1.3,6,"[u'Points of Interest & Landmarks', u'Parks', u'Monuments & Statues', u'Religious Sites', u'Bodies of Water']",KAZ,-1.28,Visa not required,1.65,-0.88,-0.84,0.39,-1.19,0.57,15 days,1.7,"[0.20800209203875386, 0.0017727319039126997, 0.006051818060332403, 0.42439248193873574, 0.007135664877439286, 0.07765119642705141, 0.054584818713209665, 0.06897654806958958, 0.12739671139778205, 0.02403593657319331]",-0.59,Kazakhstan,-0.4,-0.94,56e21c201059e9f2c78e4f07
-0.24,0.08,1.5,4,"[u'Ancient Ruins', u'Historic Sites', u'Religious Sites', u'Specialty Museums', u'Geologic Formations']",JOR,0.23,Visa on arrival,0.66,-0.72,-0.6,-1.35,1.53,-1.17,30 days; conditions apply,1.91,"[0.010208885611361976, 0.0351725484692157, 0.11656689278945202, 0.3586723765107121, 0.0, 0.054998364239348285, 0.0035582486195501533, 0.07463278412367938, 0.32304878472086945, 0.02314111491581094]",-0.57,Jordan,-0.52,-0.75,56e21c201059e9f2c78e4f08
0.59,0.25,1.6,1,"[u'Religious Sites', u'Cooking Classes', u'Lessons & Workshops', u'Private Tours', u'Bike Tours']",JPN,-1.14,Visa not required,0.25,-0.76,-0.48,-1.65,1.29,-0.11,90 days,1.86,"[0.08744143754787548, 0.004224558103520036, 0.2211039569932776, 0.2835641607923576, 0.006864698729824864, 0.045428371054490525, 0.06279867306756569, 0.014293679077564582, 0.16521996411845985, 0.10906050051506379]",-0.35,Japan,-0.57,-0.77,56e21c201059e9f2c78e4f09
0.3,0.2,-1.12,0,"[u'Beaches', u'Waterfalls', u'Bodies of Water', u'Historic Sites', u'Gardens']",JAM,-0.21,Visa not required,-0.11,-0.76,-0.92,-1.02,1.74,-0.29,6 months,1.87,"[0.04015292967608192, 0.14645023490021497, 0.32126647633187955, 0.15178299271150839, 0.025849133832943415, 0.046914255975689975, 0.006051518284820771, 0.0246502769539029, 0.17828305876446224, 0.058599122568495796]",1.62,Jamaica,-0.51,-0.79,56e21c201059e9f2c78e4f0a
0.19,-0.06,1.21,1,"[u'Historic Sites', u'City Tours', u'Walking Tours', u'Specialty Museums', u'Cultural Tours']",ITA,-1.23,Visa not required,-0.02,-0.66,-0.81,-1.11,1.75,0.72,90 days within 180 days in the Schengen area,1.95,"[0.024481682852064954, 0.00714244922645324, 0.1259332826411846, 0.4937915114593538, 0.014583201197437678, 0.06943022584941975, 0.02881273216260517, 0.055954580787015644, 0.11791055113501832, 0.06195978268944687]",-0.71,Italy,-0.56,-0.67,56e21c201059e9f2c78e4f0b
0.41,-0.02,0.51,8,"[u'Historic Sites', u'Religious Sites', u'Neighborhoods', u'Specialty Museums', u'History Museums']",ISR,-1.7,Visa not required,0.94,-0.68,-0.88,-1.47,1.0,0.88,3 months,1.94,"[0.06560487442681859, 0.05441457035694901, 0.14428995707609427, 0.23257541698264794, 0.03246032737183807, 0.1213907534644806, 0.07735127038071611, 0.10048202970640276, 0.1388516664704565, 0.032579133763596134]",0.31,Israel,-0.55,-0.69,56e21c201059e9f2c78e4f0c
-0.01,0.19,0.59,3,"[u'Specialty Museums', u'Historic Sites', u'Scenic Drives', u'National Parks', u'Geologic Formations']",IRL,-0.76,Visa not required,0.57,-0.74,-0.83,-1.27,1.54,1.32,3 months,1.87,"[0.12539524605384242, 0.07611785457017711, 0.06249746550820348, 0.2992238861341136, 0.0005965434381625403, 0.04265636082921861, 0.06876655364551348, 0.06584077333232426, 0.23403679019663717, 0.024868526291807237]",-1.15,Ireland,-0.56,-0.77,56e21c201059e9f2c78e4f0d
0.66,0.44,1.08,6,"[u'Points of Interest & Landmarks', u'Shopping Malls', u'Specialty Museums', u'Religious Sites', u'Parks']",IRQ,-1.02,Visa required,1.53,-0.93,-0.52,-0.29,-1.37,0.91,,1.7,"[0.21170637774356962, 0.004715153259599255, 0.0612919459430995, 0.045228106517621616, 0.054238595649203025, 0.1872042007102546, 0.0, 0.16495243760180683, 0.14211568818504344, 0.12854749438980206]",-0.98,Iraq,-0.21,-1.0,56e21c201059e9f2c78e4f0e
-0.41,0.31,1.65,4,"[u'Religious Sites', u'Points of Interest & Landmarks', u'Bridges', u'Monuments & Statues', u'History Museums']",IRN,-0.99,Visa required,1.42,-0.8,-0.31,-1.46,0.76,-0.5,,1.82,"[0.10764979946643728, 0.0033050218818589045, 0.05533808655730688, 0.4013926986898361, 0.0, 0.17136485309703411, 0.01144057537968993, 0.0915916422534443, 0.12844044122659828, 0.029476881447794177]",-0.16,Iran,-0.51,-0.83,56e21c201059e9f2c78e4f0f
0.49,0.73,0.92,8,"[u'Religious Sites', u'Nature & Wildlife Areas', u'Historic Sites', u'Mountains', u'Beaches']",IDN,-1.68,Visa not required,0.21,-0.9,-0.85,-1.34,1.49,0.52,30 days,1.59,"[0.08294062820266677, 0.10736109688463744, 0.21669057190947089, 0.055600073565159114, 0.12576407202408862, 0.050465858106802056, 0.0, 0.0854534193654309, 0.2593915600649644, 0.016332719876779835]",0.24,Indonesia,-0.49,-0.94,56e21c201059e9f2c78e4f10
1.09,0.16,0.29,2,"[u'Religious Sites', u'Points of Interest & Landmarks', u'Historic Sites', u'Bodies of Water', u'Architectural Buildings']",IND,-0.66,e-Tourist Visa,0.39,-0.73,-0.97,-1.39,0.89,-1.12,30 days,1.89,"[0.08547371897058412, 0.01844781799686521, 0.10163070275713601, 0.3452275509236687, 0.009181564456816126, 0.04231317453494049, 0.060817984278460455, 0.046641978726654425, 0.23083083337147858, 0.05943467398339599]",1.49,India,-0.59,-0.74,56e21c201059e9f2c78e4f11
-0.16,0.32,0.65,8,"[u'Waterfalls', u'Hot Springs & Geysers', u'Geologic Formations', u'Bodies of Water', u'National Parks']",ISL,-1.65,Visa not required,0.22,-0.78,-0.68,-1.15,1.77,0.93,90 days within 180 days in the Schengen area,1.83,"[0.03344888517762652, 0.060559064739401036, 0.17296707338307094, 0.22834321506718833, 0.0, 0.08949736999620196, 0.0028116107113770124, 0.07597687970535, 0.33628689489132296, 0.00010900632846129043]",0.07,Iceland,-0.56,-0.8,56e21c201059e9f2c78e4f12
-0.25,0.43,1.09,1,"[u'Specialty Museums', u'Architectural Buildings', u'Points of Interest & Landmarks', u'Castles', u'Bridges']",HUN,-1.62,Visa not required,0.26,-0.81,-0.72,-1.07,1.79,0.4,90 days within 180 days in the Schengen area,1.77,"[0.11662889299028227, 0.003259345644737416, 0.05786226841672956, 0.33452048901895315, 0.04839637223881667, 0.05285896196673613, 0.11569784526066587, 0.07474324065099534, 0.1274763789883583, 0.06855620482372525]",0.13,Hungary,-0.55,-0.84,56e21c201059e9f2c78e4f13
0.69,0.04,-1.08,5,"[u'Beaches', u'Islands', u'Specialty Museums', u'Nature & Wildlife Areas', u'Farms']",HND,0.05,Visa not required,0.23,-0.71,-0.96,-1.31,1.35,-0.55,3 months,1.92,"[0.04574881476208735, 0.06944210987736721, 0.3097078987802614, 0.2183765979115026, 0.02952446591477026, 0.0523803404738041, 0.0017372733708312105, 0.12117262231674761, 0.11255439180972522, 0.03935548478290304]",1.59,Honduras,-0.52,-0.73,56e21c201059e9f2c78e4f14
0.67,0.71,-0.87,5,"[u'Points of Interest & Landmarks', u'Beaches', u'Historic Sites', u'Waterfalls', u'Flea & Street Markets']",HTI,-0.25,Visa not required,0.67,-0.92,-1.19,-1.24,1.07,-0.57,3 months,1.59,"[0.058804595833294, 0.05394953624511912, 0.0, 0.38361588328570206, 0.0, 0.17898982626623183, 0.0, 0.10589516121505298, 0.007124992700837, 0.21162000445376306]",1.69,Haiti,-0.39,-0.99,56e21c201059e9f2c78e4f15
0.22,0.98,0.76,4,"[u'Religious Sites', u'Gardens', u'Bridges', u'Monuments & Statues', u'Churches & Cathedrals']",GUY,0.65,Visa not required,1.51,-1.03,0.19,-1.58,-0.35,-1.71,3 months,1.22,"[0.11325312753416998, 0.0, 0.14031322882189495, 0.3094288601014064, 0.09201528411970641, 0.0299684277653059, 0.0, 0.024496137091673063, 0.15910977573315493, 0.13141515883268837]",0.29,Guyana,0.05,-1.22,56e21c201059e9f2c78e4f16
-0.71,0.44,-0.82,,"[u'Flea & Street Markets', u'Churches & Cathedrals', u'Religious Sites', u'Art Museums', u'Historic Sites']",GNB,0.0,Visa on arrival,1.96,-0.29,-0.27,-0.71,-0.27,-0.82,90 days,1.18,,1.63,Guinea-Bissau,0.44,-1.77,56e21c201059e9f2c78e4f17
-0.5,0.36,1.47,7,"[u'Bodies of Water', u'Military Museums', u'Gardens', u'Cemeteries', u'Nature & Wildlife Areas']",GIN,-1.26,Visa required,1.89,-0.81,0.09,-0.91,-0.57,0.23,,1.79,"[0.2650525621109577, 0.0, 0.015134629025917215, 0.2544521728102818, 0.0, 0.16446499191057393, 0.14285714285714285, 0.0, 0.1580385012851265, 0.0]",-0.44,Guinea,-0.46,-0.88,56e21c201059e9f2c78e4f18
0.09,0.25,-0.4,16,"[u'Ancient Ruins', u'Volcanos', u'Religious Sites', u'Specialty Museums', u'Points of Interest & Landmarks']",GTM,-1.04,Visa not required,0.78,-0.77,-0.52,-1.6,1.25,-0.2,90 days,1.85,"[0.09808545248742155, 0.002185076156487642, 0.03406948966287752, 0.28335882703402515, 0.03875551993068109, 0.14895081390386938, 0.003877179116790875, 0.11996455364603716, 0.19553625711146716, 0.0752168309503424]",1.65,Guatemala,-0.54,-0.79,56e21c201059e9f2c78e4f19
-0.15,0.9,-0.92,0,"[u'Beaches', u'Bodies of Water', u'Waterfalls', u'Points of Interest & Landmarks', u'Specialty Museums']",GRD,0.29,Visa not required,-0.01,-0.99,-0.75,-0.96,1.87,-0.89,"3 months, extensions possible",1.37,"[0.07471244057740475, 0.07672176468214226, 0.11487168851155372, 0.3268636618600653, 0.0, 0.08854783548334484, 0.0, 0.03433067790685679, 0.187483622918982, 0.09646830805965037]",1.51,Grenada,-0.12,-1.15,56e21c201059e9f2c78e4f1a
0.23,0.1,0.75,3,"[u'Historic Sites', u'Beaches', u'Ancient Ruins', u'Historic Walking Areas', u'History Museums']",GRC,-0.92,Visa not required,-0.03,-0.71,-0.82,-1.12,1.74,1.22,90 days within 180 days in the Schengen area,1.91,"[0.031530889489307094, 0.06967354086725948, 0.134187244600336, 0.1850215266714137, 0.013358985878383859, 0.25848550675416027, 0.0019802600868946076, 0.10678175871621469, 0.19898028693603043, 0.0]",-1.05,Greece,-0.56,-0.73,56e21c201059e9f2c78e4f1b
-0.54,1.3,0.69,12,"[u'Beaches', u'History Museums', u'Historic Sites', u'Nature & Wildlife Areas', u'National Parks']",GHA,-1.63,Visa required,1.96,-0.98,-0.52,-0.76,-0.14,0.02,,0.91,"[0.08715946536061267, 0.05572961167440205, 0.06465809808494691, 0.39302756800747224, 0.0050367493747374235, 0.07243396723806453, 0.043420000010309205, 0.12546503536090622, 0.07412971074493067, 0.07893979414361811]",0.92,Ghana,0.0,-1.23,56e21c201059e9f2c78e4f1c
0.22,0.27,0.74,8,"[u'Historic Sites', u'Points of Interest & Landmarks', u'Specialty Museums', u'Architectural Buildings', u'Monuments & Statues']",DEU,-1.55,Visa not required,0.36,-0.76,-0.86,-1.28,1.56,1.01,90 days within 180 days in the Schengen area,1.85,"[0.08045045215840428, 0.0, 0.06696898998360516, 0.37564285530264646, 0.0, 0.1509727096639356, 0.003777320982470407, 0.19602399985568386, 0.11779487580462979, 0.00836879624862452]",-0.2,Germany,-0.56,-0.78,56e21c201059e9f2c78e4f1d
0.98,0.07,0.26,3,"[u'Historic Sites', u'Parks', u'History Museums', u'Military Museums', u'Religious Sites']",GEO,-0.46,Visa not required,-0.16,-0.7,-1.03,-1.11,1.32,1.46,360 days,1.91,"[0.18073913366325184, 0.009049086851954782, 0.1222088270612351, 0.25591330136063756, 0.0035748178239801303, 0.06820402983575799, 0.12337273702685253, 0.08811494294271009, 0.11090720438275319, 0.03791591905086672]",-1.26,Georgia,-0.57,-0.72,56e21c201059e9f2c78e4f1e
-0.24,1.07,-0.66,0,"[u'Nature & Wildlife Areas', u'Religious Sites', u'Historic Sites', u'Flea & Street Markets', u'National Parks']",GMB,0.12,Visa not required,-0.01,-0.98,-0.6,-1.03,1.88,-1.04,90 days,1.29,"[0.09480037375708969, 0.0, 0.2982408382774241, 0.09472751837403699, 0.07610488678332136, 0.0, 0.0, 0.11600547896416769, 0.018361742121384268, 0.30175916172257594]",1.57,Gambia,-0.32,-1.07,56e21c201059e9f2c78e4f1f
0.25,1.25,1.15,,"[u'Architectural Buildings', u'Churches & Cathedrals', u'Points of Interest & Landmarks', u'Religious Sites', u'History Museums']",GAB,-0.88,e-Visa,1.3,-1.17,-1.16,0.77,-1.16,-1.1,,0.89,,0.83,Gabon,0.16,-1.13,56e21c201059e9f2c78e4f20
0.34,0.15,0.75,3,"[u'Points of Interest & Landmarks', u'Religious Sites', u'Specialty Museums', u'Parks', u'Architectural Buildings']",FRA,-1.18,Visa not required,-0.08,-0.73,-0.8,-1.16,1.7,1.2,90 days within 180 days in the Schengen area (in Regions of France),1.89,"[0.08126307868793867, 0.0, 0.07068520717156833, 0.28596424619335237, 0.005500042096377826, 0.10897606821589417, 0.04297088339334069, 0.18365935765025718, 0.20870917307048362, 0.012271943520787169]",-0.77,France,-0.57,-0.74,56e21c201059e9f2c78e4f21
0.4,0.9,0.29,8,"[u'Points of Interest & Landmarks', u'History Museums', u'Historic Sites', u'Castles', u'Art Museums']",FIN,-1.53,Visa not required,0.26,-0.94,-0.57,-1.54,1.45,1.25,90 days within 180 days in the Schengen area,1.46,"[0.03161886747979491, 0.008868414313476286, 0.07587802087952926, 0.23779341795722458, 0.054954466021428665, 0.1926545166072257, 0.0075937652153005705, 0.11882207268383146, 0.14358699111963574, 0.12822946772255275]",-0.0,Finland,-0.4,-1.01,56e21c201059e9f2c78e4f22
1.01,0.99,0.82,8,"[u'Beaches', u'Waterfalls', u'Nature & Wildlife Areas', u'National Parks', u'Marinas']",FJI,-1.68,Visa on arrival !Visitor's Permit on arrival,-0.2,-0.97,-0.89,-1.22,1.29,0.71,4 months,1.37,"[0.07126493466138802, 0.06472084893400874, 0.21697083970721762, 0.13900819744345655, 0.0267170247025863, 0.08335296421287461, 0.0025122687156308486, 0.05479936854004115, 0.22402205966185432, 0.11663149342094183]",0.15,Fiji,-0.36,-1.04,56e21c201059e9f2c78e4f23
-0.95,0.57,-0.01,10,"[u'Religious Sites', u'Churches & Cathedrals', u'Ancient Ruins', u'Specialty Museums', u'Points of Interest & Landmarks']",ETH,-0.63,Visa on arrival,1.53,-0.88,-0.04,-1.17,0.63,-0.98,,1.68,"[0.007604857648313761, 0.0, 0.021359046562422646, 0.4035334014074509, 0.0, 0.024797121529774823, 0.09169874120571479, 0.1571476996861121, 0.21639740650944034, 0.07746172545077054]",1.62,Ethiopia,-0.4,-0.97,56e21c201059e9f2c78e4f24
-0.11,0.37,0.36,3,"[u'Points of Interest & Landmarks', u'Specialty Museums', u'Neighborhoods', u'Religious Sites', u'Historic Sites']",EST,-1.2,Visa not required,0.39,-0.79,-0.61,-1.32,1.65,1.44,90 days within 180 days in the Schengen area,1.8,"[0.08384036756117716, 0.011636898611375438, 0.03559816983995331, 0.35055855855713275, 0.0, 0.2288040778386466, 0.003444686132145399, 0.1206233559098891, 0.14274747959272924, 0.02274640595695091]",-0.59,Estonia,-0.57,-0.81,56e21c201059e9f2c78e4f25
-1.05,0.89,0.12,,"[u'Architectural Buildings', u'Points of Interest & Landmarks', u'Religious Sites', u'Churches & Cathedrals', u'Ancient Ruins']",ERI,-0.78,Visa required,0.11,-0.92,1.78,0.01,-0.85,-0.92,,1.49,,1.59,Eritrea,-0.54,-0.92,56e21c201059e9f2c78e4f26
-1.04,0.78,-0.32,,"[u'Islands', u'Churches & Cathedrals', u'Mountains', u'Points of Interest & Landmarks', u'Arenas & Stadiums']",GNQ,-1.25,Visa not required,0.39,-1.12,0.04,1.64,-1.04,0.05,90 days,1.38,,1.53,Equatorial Guinea,0.07,-1.12,56e21c201059e9f2c78e4f27
0.05,0.63,-0.23,10,"[u'Bodies of Water', u'National Parks', u'Religious Sites', u'Nature & Wildlife Areas', u'Churches & Cathedrals']",SLV,-0.82,Visa not required,1.57,-0.88,-0.58,-1.43,0.39,-0.65,3 months,1.65,"[0.11942478030339243, 0.004405842317700263, 0.06333712599299605, 0.34141164477957286, 0.001125600970658264, 0.08969084825066682, 0.015685969897886832, 0.1665620951519967, 0.1736590224767494, 0.02469706985838033]",1.69,El Salvador,-0.47,-0.94,56e21c201059e9f2c78e4f28
0.19,0.03,1.08,13,"[u'Ancient Ruins', u'Historic Sites', u'Religious Sites', u'Islands', u'Beaches']",EGY,-1.14,Visa on arrival,0.14,-0.7,-0.68,-1.31,1.66,-0.85,,1.92,"[0.01698832694004589, 0.06409659238881736, 0.20261695374824437, 0.3607693238940279, 0.015557951748855929, 0.07025662944714046, 0.019660412146892223, 0.11262192214768553, 0.10735502113283062, 0.03007686640545965]",0.9,Egypt,-0.54,-0.72,56e21c201059e9f2c78e4f29
0.19,0.32,0.03,16,"[u'Points of Interest & Landmarks', u'Specialty Museums', u'Bodies of Water', u'Religious Sites', u'Beaches']",ECU,-1.28,Visa not required,0.52,-0.78,-0.7,-1.45,1.45,-0.26,"90 days, extendable for another 90 days, per year",1.82,"[0.07651911783055974, 0.03674399624136753, 0.17105200566952783, 0.2149889758378705, 0.035673893526202385, 0.13520935320648453, 0.023182645902715165, 0.07985110039676711, 0.20115778256251537, 0.02562112882598985]",1.51,Ecuador,-0.55,-0.81,56e21c201059e9f2c78e4f2a
-1.51,1.16,0.46,12,"[u'Mountains', u'Military Museums', u'Monuments & Statues', u'Religious Sites', u'Cemeteries']",TMP,-1.37,Visa on arrival,1.58,-0.99,0.05,0.28,-0.4,1.32,30 days for arrivals by air only,1.21,"[0.0, 0.008209878181886354, 0.0, 0.22214031632162642, 0.0, 0.0, 0.24452137089991646, 0.15358575270762861, 0.20326853675026016, 0.16827414513868197]",-0.41,East Timor,-0.33,-1.05,56e21c201059e9f2c78e4f2b
0.44,0.22,-0.41,11,"[u'Beaches', u'Islands', u'Points of Interest & Landmarks', u'National Parks', u'Casinos']",DOM,-1.34,Visa on arrival !Tourist Card on arrival,-0.02,-0.77,-0.96,-1.1,1.64,0.37,"30 days, extendable up to 90 days",1.86,"[0.0670808533873072, 0.2448899471235033, 0.25244942564086786, 0.08763797513639397, 0.020787476669926423, 0.11710419145965782, 0.0015927321094337025, 0.0006763911816295054, 0.16470463109755126, 0.043076376193728845]",1.38,Dominican Republic,-0.5,-0.81,56e21c201059e9f2c78e4f2c
-0.8,1.45,1.14,,"[u'Religious Sites', u'Scuba & Snorkeling', u'Mountains', u'Points of Interest & Landmarks', u'National Parks']",DJI,-1.26,Visa on arrival,1.76,-1.05,-0.64,0.48,-0.8,-0.69,,0.46,,0.8,Djibouti,0.35,-1.21,56e21c201059e9f2c78e4f2d
0.36,0.71,0.26,3,"[u'Specialty Museums', u'Castles', u'Religious Sites', u'Gardens', u'Historic Sites']",DNK,-1.14,Visa not required,0.17,-0.88,-0.84,-1.27,1.59,1.5,90 days within 180 days,1.61,"[0.1989427876354696, 0.0, 0.05826924409824921, 0.22064843076708168, 0.09594367526242936, 0.09536421232215034, 0.006523203627634687, 0.19006025719933792, 0.0940387118024385, 0.040209477285208725]",-0.62,Denmark,-0.52,-0.92,56e21c201059e9f2c78e4f2e
-0.06,0.89,0.12,10,"[u'Nature & Wildlife Areas', u'Churches & Cathedrals', u'National Parks', u'Bodies of Water', u'Mountains']",COD,-1.05,Visa required,1.89,-0.84,-0.56,-0.23,-1.03,-0.64,,1.49,"[0.0, 0.0, 0.0, 0.0, 0.0, 0.0, 0.0, 1.0, 0.0, 0.0]",1.57,Democratic Republic of the Congo,-0.6,-0.95,56e21c201059e9f2c78e4f2f
-0.14,0.22,0.94,1,"[u'Castles', u'Historic Sites', u'Religious Sites', u'Neighborhoods', u'Theaters']",CZE,-1.62,Visa not required,0.2,-0.75,-0.75,-1.1,1.78,0.7,90 days within 180 days in the Schengen area,1.87,"[0.05958337952931553, 0.003313653122320854, 0.008874557282546061, 0.3213867352395709, 0.0401153543404487, 0.16571160535752757, 0.05653521697380363, 0.18216120667463356, 0.13159936339038486, 0.030718928089448275]",-0.02,Czech Republic,-0.57,-0.77,56e21c201059e9f2c78e4f30
0.64,0.45,0.82,3,"[u'Ancient Ruins', u'Beaches', u'Historic Sites', u'Churches & Cathedrals', u'Points of Interest & Landmarks']",CYP,-0.74,Visa not required,-0.03,-0.83,-0.95,-1.18,1.51,1.14,90 days within 180 days,1.76,"[0.08178539018744732, 0.11638177793299373, 0.16088567880479718, 0.34023535945492195, 0.002504026564620343, 0.10857785495841174, 0.00028223141324309814, 0.04443518324545268, 0.12174267230297217, 0.023169825135139824]",-1.22,Cyprus,-0.5,-0.87,56e21c201059e9f2c78e4f31
-0.05,0.32,-0.69,16,"[u'Points of Interest & Landmarks', u'Beaches', u'Historic Sites', u'Neighborhoods', u'Valleys']",CUB,-0.52,Travel Banned,0.31,-0.78,-0.81,-1.16,1.7,-0.52,,1.82,"[0.0472258748050064, 0.1072652272789227, 0.16929128719931313, 0.1579188787530418, 0.028122360177018014, 0.1938567292807302, 0.041062971385542726, 0.09837143737970509, 0.09862131662571028, 0.05826391711500955]",1.73,Cuba,-0.55,-0.81,56e21c201059e9f2c78e4f32
-0.04,0.18,0.6,3,"[u'Historic Sites', u'Points of Interest & Landmarks', u'Neighborhoods', u'National Parks', u'Islands']",HRV,-0.8,Visa not required,0.1,-0.73,-0.79,-1.07,1.8,1.32,90 days within 180 days,1.88,"[0.10692622172405361, 0.03894658637434242, 0.12661013283925077, 0.15987412037818738, 0.0, 0.30801391264059863, 0.025972901108221928, 0.02663749989716643, 0.18518964622139208, 0.02182897881678664]",-1.12,Croatia,-0.58,-0.75,56e21c201059e9f2c78e4f33
0.46,0.14,-1.09,5,"[u'Nature & Wildlife Areas', u'National Parks', u'Beaches', u'Waterfalls', u'Hot Springs & Geysers']",CRI,-0.24,Visa not required,0.04,-0.73,-0.88,-1.21,1.59,-0.3,90 days,1.89,"[0.1365695693338898, 0.195920516849242, 0.1664532054215976, 0.1302519803034635, 0.11685892924020622, 0.030876679865678384, 0.0011634994300959657, 0.023165612353803794, 0.17046376435919539, 0.028276242842827325]",1.63,Costa Rica,-0.53,-0.77,56e21c201059e9f2c78e4f34
-0.22,0.58,1.7,,"[u'Beaches', u'Mountains', u'Religious Sites', u'Historic Sites', u'Neighborhoods']",COM,-0.87,Visa on arrival,-0.75,-0.99,0.86,-1.29,1.4,-0.32,,1.48,,-0.5,Comoros,0.13,-1.21,56e21c201059e9f2c78e4f35
1.35,0.07,0.38,3,"[u'Monuments & Statues', u'History Museums', u'Art Museums', u'Specialty Museums', u'Historic Sites']",COL,-0.61,Visa not required,-0.27,-0.71,-0.87,-1.18,0.98,1.43,"90 days, extendable up to 180 days",1.91,"[0.09194700490626187, 0.0003570272417670752, 0.04407784078690966, 0.3291335959963905, 0.02299359025243614, 0.06225647162105882, 0.11536532752165934, 0.21374718963957312, 0.08461955752459652, 0.035502394509346925]",-1.2,Columbia,-0.54,-0.73,56e21c201059e9f2c78e4f36
0.21,0.23,1.55,1,"[u'Private Tours', u'City Tours', u'Cultural Tours', u'Food Tours', u'Points of Interest & Landmarks']",CHN,-0.05,Visa required,0.25,-0.75,-0.89,-1.2,1.63,-0.28,,1.86,"[0.042725570115735245, 0.0051861495720857635, 0.17070525442949797, 0.25220802624343025, 0.0295238120503272, 0.09264975110620972, 0.0030339524264466474, 0.02073306440295974, 0.2529625947293219, 0.1302718249239854]",-1.23,China,-0.56,-0.77,56e21c201059e9f2c78e4f37
0.25,0.41,0.53,13,"[u'Bodies of Water', u'Specialty Museums', u'Volcanos', u'National Parks', u'Ancient Ruins']",CHL,-1.3,Visa not required,0.39,-0.81,-0.81,-1.35,1.52,-0.54,90 days,1.79,"[0.21335542526145054, 0.03440785617752283, 0.12660347335436523, 0.1605888305777961, 0.0021425436022256723, 0.0804911103943811, 0.027484128011325597, 0.09993957328168845, 0.23734332134594682, 0.017643737993297576]",1.31,Chile,-0.57,-0.82,56e21c201059e9f2c78e4f38
-0.32,0.31,0.49,3,"[u'Wineries & Vineyards', u'Specialty Museums', u'Battlefields', u'Historic Sites', u'Shopping Malls']",TCD,-1.09,Visa required,0.44,-0.79,-0.79,-1.05,1.73,1.39,,1.82,"[0.11459931226411299, 0.0, 0.010175898692476286, 0.42516354686315594, 0.0568447542548967, 0.09216365846358698, 0.0, 0.29743611768501216, 0.0036167117767589192, 0.0]",-0.79,Chad,-0.5,-0.84,56e21c201059e9f2c78e4f39
-0.69,0.5,-1.37,,"[u'National Parks', u'Bodies of Water', u'Points of Interest & Landmarks', u'Neighborhoods', u'Religious Sites']",CAF,0.34,Visa required,-0.69,-0.75,0.74,1.6,-0.97,1.37,,1.75,,-0.34,Central African Republic,-0.75,-0.75,56e21c201059e9f2c78e4f3a
0.6,0.08,0.45,3,"[u'Bodies of Water', u'Parks', u'Hiking Trails', u'National Parks', u'Neighborhoods']",CAN,-0.97,Visa not required,-0.14,-0.7,-0.88,-1.16,1.58,1.43,180 days,1.91,"[0.1131338979339431, 0.056406466183029566, 0.10560540303812645, 0.2162208141278429, 0.010364962332960914, 0.09538127121996588, 0.0036284891743026673, 0.08926461808773996, 0.26813320071326496, 0.04186087718882371]",-0.91,Canada,-0.58,-0.71,56e21c201059e9f2c78e4f3b
-0.17,1.13,0.46,,"[u'Art Museums', u'Specialty Museums', u'Waterfalls', u'Nature & Wildlife Areas', u'Art Galleries']",CMR,-1.17,Visa required,1.79,-0.98,-0.98,-0.87,0.23,-0.68,,1.24,,1.4,Cameroon,-0.35,-1.04,56e21c201059e9f2c78e4f3c
-0.32,0.07,-0.15,16,"[u'Ancient Ruins', u'Historic Sites', u'Religious Sites', u'Points of Interest & Landmarks', u'Farms']",KHM,-0.91,Visa on arrival,0.43,-0.71,-0.38,-1.37,1.64,-0.61,30 days,1.91,"[0.08830390942448631, 0.01904511323740312, 0.053702719184411885, 0.4010723177441522, 0.043537364246774984, 0.049524804334454685, 0.07403540588742953, 0.026859076631478025, 0.1869504493478928, 0.05696883996151651]",1.67,Cambodia,-0.55,-0.72,56e21c201059e9f2c78e4f3d
-1.18,1.09,1.31,,"[u'Points of Interest & Landmarks', u'Theater & Performances', u'Historic Sites', u'National Parks', u'Monuments & Statues']",BDI,0.26,Visa on arrival,1.71,-0.12,-0.11,0.32,-0.75,-1.49,3 months,-0.52,,-0.09,Burundi,1.09,-1.53,56e21c201059e9f2c78e4f3e
0.07,1.12,-0.72,,"[u'Religious Sites', u'Parks', u'Nature & Wildlife Areas', u'Ancient Ruins', u'Points of Interest & Landmarks']",BFA,-0.91,Visa on arrival,1.9,-0.97,-0.47,-0.87,-0.63,0.0,1 month,1.19,,1.63,Burkina Faso,-0.19,-1.16,56e21c201059e9f2c78e4f3f
0.87,0.46,0.34,3,"[u'Religious Sites', u'Historic Sites', u'Ski & Snowboard Areas', u'Ancient Ruins', u'Mountains']",BGR,-1.19,Visa not required,0.39,-0.83,-0.95,-1.41,1.1,1.45,90 days within 180 days,1.76,"[0.12966952409047602, 0.02954834551994302, 0.037178593218400315, 0.27163780599202686, 0.0016676743182653109, 0.22427006864403223, 0.025991301826070585, 0.09188766231118045, 0.1530939383733131, 0.035055085706292094]",-0.6,Bulgaria,-0.53,-0.86,56e21c201059e9f2c78e4f40
-0.26,1.29,0.59,13,"[u'Specialty Museums', u'Points of Interest & Landmarks', u'Parks', u'Shopping Malls', u'Religious Sites']",BRN,-1.48,Visa on arrival,0.01,-1.04,0.78,-1.71,1.18,-0.29,14 days,0.94,"[0.058056670574901534, 0.0014923467776205952, 0.10486639652230213, 0.4174330766466128, 0.0, 0.05686753124318375, 0.0, 0.18737642660553996, 0.06753759340429591, 0.10636995822554335]",1.17,Brunei Darussalam,-0.01,-1.17,56e21c201059e9f2c78e4f41
1.08,0.07,0.75,8,"[u'Specialty Museums', u'Beaches', u'National Parks', u'Gardens', u'Points of Interest & Landmarks']",BRA,-1.67,Visa required,0.61,-0.7,-1.12,-1.3,0.73,0.11,,1.92,"[0.1713342957319606, 0.07333373469716896, 0.02918639106279286, 0.2201335698488014, 0.02851481128407311, 0.06577608013572711, 0.003599570491579783, 0.2070463290534017, 0.2010752176944944, 0.0]",0.81,Brazil,-0.58,-0.71,56e21c201059e9f2c78e4f42
0.05,0.05,1.08,14,"[u'Nature & Wildlife Areas', u'Geologic Formations', u'Casinos', u'Bridges', u'Points of Interest & Landmarks']",BWA,-1.46,Visa not required,0.86,-0.72,-0.96,-1.26,1.32,0.75,90 days per year,1.91,"[0.09929066934088901, 0.0, 0.22191626613334092, 0.34537622867557516, 0.09853126533518966, 0.0, 0.017376850486686347, 0.03724692083773848, 0.1117646135989074, 0.06849718559167302]",-0.38,Botswana,-0.49,-0.76,56e21c201059e9f2c78e4f43
-0.69,0.31,0.95,4,"[u'Points of Interest & Landmarks', u'Bodies of Water', u'Religious Sites', u'Historic Sites', u'National Parks']",BOL,-1.61,Visa on arrival,1.26,-0.81,-0.23,-1.35,1.02,-0.04,90 days,1.82,"[0.07551799137192519, 0.0, 0.19270818117834915, 0.3359000471447622, 0.004175428329092874, 0.034212180518290544, 0.0, 0.03872084790849821, 0.27146871005624384, 0.04729661349283792]",0.71,Bolivia,-0.51,-0.82,56e21c201059e9f2c78e4f44
-0.02,0.52,1.53,4,"[u'Points of Interest & Landmarks', u'Religious Sites', u'Specialty Museums', u'Historic Sites', u'Nature & Wildlife Areas']",BTN,-0.53,Visa required,1.18,-0.88,-0.71,-1.45,1.0,-1.17,,1.71,"[0.026190637786171513, 0.0018556309632403911, 0.008157593419916884, 0.4035448939035234, 0.02754552020202606, 0.06296547395360469, 0.0437157845685934, 0.0932646099639085, 0.312769354970859, 0.01999050026815617]",0.16,Bhutan,-0.44,-0.91,56e21c201059e9f2c78e4f45
0.48,0.53,0.1,3,"[u'Beaches', u'Religious Sites', u'Specialty Museums', u'Historic Sites', u'History Museums']",BMU,-0.56,Visa not required,-0.27,-0.86,-0.83,-1.07,1.69,1.57,"Up to 6 months, decided on arrival",1.71,"[0.01198879970114259, 0.19910047756064994, 0.24287324200775526, 0.23976453365042705, 0.04379495437696687, 0.07207794721512616, 0.017958274615866063, 0.03864644435194066, 0.12148554720043753, 0.012309779319687878]",-1.11,Bermuda,-0.47,-0.91,56e21c201059e9f2c78e4f46
-0.41,1.46,-0.44,,"[u'Points of Interest & Landmarks', u'Specialty Museums', u'Religious Sites', u'History Museums', u'Castles']",BEN,-1.29,Visa required,1.58,-0.85,-0.63,-1.21,0.68,0.29,,0.78,,1.44,Benin,-0.17,-1.23,56e21c201059e9f2c78e4f47
0.16,-0.05,-1.24,0,"[u'Art Galleries', u'Reefs', u'National Parks', u'Theaters', u'Geologic Formations']",BLZ,0.16,Visa not required,0.15,-0.67,-0.8,-1.21,1.69,-0.42,"1 month, extendable up to 6 months",1.94,"[0.017061772489464794, 0.0112013503001505, 0.4261443478635761, 0.14219425243957515, 0.012535087096027608, 0.03232018550947267, 0.056908832126926025, 0.24345984154647168, 0.05094644011704419, 0.007227890511291264]",1.5,Belize,-0.52,-0.7,56e21c201059e9f2c78e4f48
-0.03,0.26,0.83,1,"[u'Points of Interest & Landmarks', u'Religious Sites', u'Historic Sites', u'History Museums', u'Historic Walking Areas']",BEL,-1.38,Visa not required,0.15,-0.75,-0.78,-1.11,1.77,1.07,90 days within 180 days in the Schengen area,1.85,"[0.059645504718023705, 0.002295959648462095, 0.033359479090671024, 0.33765386534003156, 0.0, 0.1726823641646101, 0.14197979268965183, 0.10176278220173572, 0.09086313945813332, 0.05975711268868069]",-0.51,Belgium,-0.59,-0.77,56e21c201059e9f2c78e4f49
0.29,0.08,0.27,14,"[u'Points of Interest & Landmarks', u'Churches & Cathedrals', u'Specialty Museums', u'Parks', u'History Museums']",BLR,-1.35,Visa required,1.32,-0.73,-0.7,-1.52,0.6,1.41,,1.91,"[0.021445942708710385, 0.000493166460466601, 0.009614451213312475, 0.471080938315648, 0.0, 0.05746512790775575, 0.1497814522886265, 0.2091692061565591, 0.07053565167573142, 0.010414063273189791]",-0.33,Belarus,-0.5,-0.75,56e21c201059e9f2c78e4f4a
0.08,0.44,-0.78,0,"[u'Beaches', u'Gardens', u'Historic Sites', u'Caverns & Caves', u'Distilleries']",BRB,-0.2,Visa not required,-0.01,-0.82,-0.83,-1.03,1.8,-0.72,"28 days, extendable up to 6 months",1.76,"[0.14197442182005512, 0.2738319968342801, 0.08886935912596398, 0.16721492450707082, 0.06956500400085046, 0.046358240021568305, 0.0, 0.0, 0.10271575401298694, 0.10947029967722428]",1.69,Barbados,-0.53,-0.85,56e21c201059e9f2c78e4f4b
0.51,0.75,0.18,10,"[u'Architectural Buildings', u'Parks', u'Nature & Wildlife Areas', u'Beaches', u'History Museums']",BGD,-1.28,Visa on arrival,1.71,-1.0,-0.53,-1.1,-0.58,-0.38,30 days,1.46,"[0.11227274517806701, 0.0005112354806561415, 0.07943560435234368, 0.3279154486940512, 0.0, 0.14858490299103277, 0.06199726619866709, 0.09462465094715185, 0.08719602344932255, 0.08746212270870764]",1.48,Bangladesh,-0.07,-1.14,56e21c201059e9f2c78e4f4c
1.24,1.05,0.9,9,"[u'Points of Interest & Landmarks', u'Shopping Malls', u'Specialty Museums', u'Auto Racing Tracks', u'Religious Sites']",BHR,-0.9,Visa on arrival,1.09,-0.96,-0.85,-1.21,-0.27,-1.09,14 days,1.3,"[0.05157177833693538, 0.05696321497198137, 0.059309885202890475, 0.2744813986168767, 0.05135344333214877, 0.2306053810321585, 0.004784508215952788, 0.08174654021541201, 0.03504469847089607, 0.1541391516047479]",1.09,Bahrain,-0.3,-1.09,56e21c201059e9f2c78e4f4d
1.35,0.3,-1.21,11,"[u'Beaches', u'Islands', u'Swim with Dolphins', u'Aquariums', u'Gardens']",BHS,-0.66,Visa not required,-0.36,-0.81,-0.97,-1.04,1.01,0.53,8 months,1.82,"[0.124263651724033, 0.11957514815150427, 0.3417309104113981, 0.13576944530791002, 0.06448965496293538, 0.04255747305614273, 0.012249880238148565, 0.027049218947702913, 0.1107513062562222, 0.021563310944002743]",1.35,Bahamas,-0.47,-0.85,56e21c201059e9f2c78e4f4e
-0.92,0.35,1.47,7,"[u'Points of Interest & Landmarks', u'Specialty Museums', u'Observation Decks & Towers', u'Parks', u'History Museums']",AZE,-1.19,Visa required,1.83,-0.81,-0.85,0.16,-0.22,0.29,,1.8,"[0.019173806228073777, 0.018550776183497264, 0.03917676849149142, 0.4143607028594388, 0.0, 0.22802487836048296, 0.05318743901197285, 0.09447980013408346, 0.11431913876308394, 0.018726689967875475]",-0.57,Azerbaijan,-0.5,-0.85,56e21c201059e9f2c78e4f4f
0.12,0.29,0.7,8,"[u'Specialty Museums', u'Points of Interest & Landmarks', u'Historic Sites', u'Architectural Buildings', u'Historic Walking Areas']",AUT,-1.69,Visa not required,0.03,-0.77,-0.75,-1.16,1.76,0.77,90 days within 180 days in the Schengen area,1.84,"[0.1259108313010787, 0.0016955697894127588, 0.02108625070360957, 0.2067326997614704, 0.06494669059869645, 0.21886040320579703, 0.0034074702467604048, 0.1882456107669093, 0.12273774109529301, 0.046376732530972395]",0.22,Austria,-0.57,-0.79,56e21c201059e9f2c78e4f50
0.22,0.12,-0.14,2,"[u'Bodies of Water', u'Parks', u'Ferries', u'Gardens', u'History Museums']",AUS,-0.81,Electronic Travel Authority,0.13,-0.71,-0.72,-1.28,1.66,-0.72,90 days on each visit in 12-month period if granted,1.9,"[0.14601638574468417, 0.06274333261438222, 0.1306922174654246, 0.08646480423027561, 0.011314527578325153, 0.053505902152415234, 0.07032157244317545, 0.06778740696362086, 0.3468199820075989, 0.024333868800097778]",1.67,Australia,-0.6,-0.72,56e21c201059e9f2c78e4f51
-0.23,0.15,0.54,14,"[u'Religious Sites', u'Points of Interest & Landmarks', u'Specialty Museums', u'Monuments & Statues', u'History Museums']",ARM,-0.32,Visa not required,1.69,-0.73,-0.58,-1.27,0.38,1.23,180 days,1.89,"[0.038695128826051785, 0.0, 0.019977129934821022, 0.3257039032961091, 0.0, 0.08301514322029797, 0.12357244395220539, 0.22149704780706975, 0.10778847505373963, 0.07975072790970536]",-1.45,Armenia,-0.55,-0.75,56e21c201059e9f2c78e4f52
0.37,0.16,0.36,2,"[u'Points of Interest & Landmarks', u'National Parks', u'Bodies of Water', u'Mountains', u'Geologic Formations']",ARG,-1.13,Online reciprocity fee,0.11,-0.72,-0.86,-1.23,1.61,-0.68,90 days,1.89,"[0.2260285432169487, 1.5317372973297933e-05, 0.14417713048467276, 0.14767886389322946, 0.003762902354208034, 0.0815825909184482, 0.0, 0.05486138742052951, 0.33455220376202083, 0.007341060576969184]",1.46,Argentina,-0.59,-0.73,56e21c201059e9f2c78e4f53
0.08,0.42,-0.81,0,"[u'Beaches', u'History Museums', u'Bodies of Water', u'Historic Sites', u'Geologic Formations']",ATG,-0.04,Visa not required,-0.21,-0.84,-0.81,-0.91,1.86,-0.79,1 month,1.76,"[0.006240728830699695, 0.35546197814795016, 0.16101882021569935, 0.21471895396222226, 0.03115910323392226, 0.03407815490168685, 0.0, 0.0340356917461784, 0.09735596307703714, 0.0659306058846039]",1.65,Antigua and Barbuda,-0.43,-0.91,56e21c201059e9f2c78e4f54
1.8,0.65,-0.65,,"[u'Bars & Clubs', u'Movie Theaters', u'Golf Courses', u'State Parks', u'Breweries']",AGO,-1.16,Visa required,-0.18,-0.83,-0.9,-0.94,0.23,1.45,,1.66,,0.36,Angola,-0.65,-0.83,56e21c201059e9f2c78e4f55
1.65,0.94,1.12,9,"[u'Points of Interest & Landmarks', u'Religious Sites', u'Art Museums', u'Churches & Cathedrals', u'Historic Walking Areas']",DZA,-1.59,Visa required,0.67,-0.95,-0.78,-0.71,-0.84,0.47,,1.42,"[0.05772924492715806, 0.0, 0.016457990625763846, 0.5034291192377025, 0.05338186618395306, 0.11023541210828042, 0.09463413666268722, 0.1641322302544548, 0.0, 0.0]",-0.0,Algeria,-0.36,-1.04,56e21c201059e9f2c78e4f56
-0.37,0.88,0.83,14,"[u'Points of Interest & Landmarks', u'Castles', u'Historic Sites', u'History Museums', u'Bodies of Water']",ALB,-1.03,Visa not required,0.87,-0.96,-0.51,-1.38,1.39,1.16,1 year,1.46,"[0.06788784119447576, 0.04038475312211699, 0.11130877036912032, 0.37017703589004236, 0.0, 0.1122392391315804, 0.0018675563092107972, 0.06333718890239741, 0.17758620473252865, 0.05521141034852741]",-0.96,Albania,-0.35,-1.03,56e21c201059e9f2c78e4f57
-1.3,0.47,-0.08,,"[u'Religious Sites', u'Points of Interest & Landmarks', u'Cemeteries', u'Flea & Street Markets', u'Historic Sites']",AFG,-1.41,Visa required,1.08,-0.99,0.2,1.04,-1.01,1.41,,1.71,,0.08,Afghanistan,-0.3,-0.89,56e21c201059e9f2c78e4f58
